{
  "coverage": "38.88%",
  "expectCount": 108,
  "actualCount": 42,
  "files": {
    "src/admin.js": {
      "expectCount": 95,
      "actualCount": 42,
      "undocumentLines": [
        6,
        9,
        13,
        25,
        28,
        29,
        30,
        31,
        32,
        33,
        34,
        35,
        36,
        37,
        38,
        39,
        40,
        43,
        44,
        45,
        48,
        52,
        458,
        462,
        466,
        470,
        483,
        496,
        509,
        520,
        536,
        545,
        548,
        568,
        595,
        635,
        639,
        1083,
        1084,
        1086,
        1088,
        1090,
        1092,
        1094,
        1103,
        1104,
        1105,
        1106,
        1107,
        1118,
        1132,
        1140,
        1147
      ]
    },
    "src/index.js": {
      "expectCount": 5,
      "actualCount": 0,
      "undocumentLines": [
        8,
        9,
        11,
        14,
        21
      ]
    },
    "src/set.js": {
      "expectCount": 8,
      "actualCount": 0,
      "undocumentLines": [
        1,
        2,
        4,
        5,
        7,
        19,
        60,
        71
      ]
    }
  }
}